{"data":{"allProjectsJson":{"edges":[{"node":{"project":"Registro de Expedientes","link":"#","description":"Gestion de expedientes inspecciones y multas de policia de trabajo.Secretaria de Trabajo","language":"Php Codeigniter"}},{"node":{"project":"Pagina oficial Secretaria de trabajo","link":"https:\\trabajo.salta.gob.ar","description":"Página informativa","language":"Joomla"}},{"node":{"project":"Blog personal","link":"www.sebamasaguer.com.ar","description":"Blog personal de ideas y proyectos","language":"Worpress"}}]},"allLanguagesJson":{"edges":[{"node":{"id":"e1165e8a-cf7b-57e0-9e07-578c03f56131","language":"PHP"}},{"node":{"id":"b457d8e1-679f-5ba7-93fc-dff29fc53e74","language":"Codeigniter"}},{"node":{"id":"c2106796-c624-5da0-b87c-cf54d65aed30","language":"MySql"}},{"node":{"id":"0a794a10-31a3-512e-bc65-a68488d5bbc7","language":"Javascript"}},{"node":{"id":"631dd11d-583a-5844-87e1-0d5b7f15e66a","language":"Node"}},{"node":{"id":"73cd25b3-42a1-53d8-b49f-b596e0242be7","language":"HTML"}},{"node":{"id":"4388509d-04b2-546f-b631-c60338e37de2","language":"Joomla"}},{"node":{"id":"22202397-4dea-5448-b270-0f87340eb4fb","language":"Metodologias Agiles"}}]}}}