{"polyfill":["/polyfill-6b95750583a341f26750.js"],"app":["/app-a829f452d05ef267b569.js"],"component---cache-caches-gatsby-plugin-offline-app-shell-js":["/component---cache-caches-gatsby-plugin-offline-app-shell-js-241020a1cf7d0f317bbe.js"],"component---src-pages-404-js":["/component---src-pages-404-js-7c2ce970cb3579185721.js"],"component---src-pages-about-js":["/component---src-pages-about-js-6c48434bc53adc3b11d7.js"],"component---src-pages-contact-js":["/component---src-pages-contact-js-20a6507c6414a3ec80c8.js"],"component---src-pages-index-js":["/component---src-pages-index-js-a179606a98404ec26c2d.js"]}