{"errors":[],"warnings":[],"namedChunkGroups":{"polyfill":{"chunks":[4,12],"assets":["webpack-runtime-ce13ddcf18ea7996d3f5.js","webpack-runtime-ce13ddcf18ea7996d3f5.js.map","polyfill-6b95750583a341f26750.js","polyfill-6b95750583a341f26750.js.map"],"children":{},"childAssets":{}},"app":{"chunks":[4,13,11,5],"assets":["webpack-runtime-ce13ddcf18ea7996d3f5.js","webpack-runtime-ce13ddcf18ea7996d3f5.js.map","styles.46420d29e590cca931db.css","styles-83801f3b4dd3459a4027.js","styles-83801f3b4dd3459a4027.js.map","framework-ad0dc6a9ebb17eecb8b1.js","framework-ad0dc6a9ebb17eecb8b1.js.map","app-a829f452d05ef267b569.js","app-a829f452d05ef267b569.js.map"],"children":{},"childAssets":{}},"component---cache-caches-gatsby-plugin-offline-app-shell-js":{"chunks":[6],"assets":["component---cache-caches-gatsby-plugin-offline-app-shell-js-241020a1cf7d0f317bbe.js","component---cache-caches-gatsby-plugin-offline-app-shell-js-241020a1cf7d0f317bbe.js.map"],"children":{},"childAssets":{}},"component---src-pages-404-js":{"chunks":[1,0,2,7],"assets":["cb1608f2-190d5200286a66ff1429.js","cb1608f2-190d5200286a66ff1429.js.map","a9a7754c-bf670d9594b919aabdca.js","a9a7754c-bf670d9594b919aabdca.js.map","de9aab0d16ddc6f831423e1ae434bae32ca3f294-02f14bcb544e8d0a1f2b.js","de9aab0d16ddc6f831423e1ae434bae32ca3f294-02f14bcb544e8d0a1f2b.js.map","component---src-pages-404-js-7c2ce970cb3579185721.js","component---src-pages-404-js-7c2ce970cb3579185721.js.map"],"children":{},"childAssets":{}},"component---src-pages-about-js":{"chunks":[1,0,2,3,8],"assets":["cb1608f2-190d5200286a66ff1429.js","cb1608f2-190d5200286a66ff1429.js.map","a9a7754c-bf670d9594b919aabdca.js","a9a7754c-bf670d9594b919aabdca.js.map","de9aab0d16ddc6f831423e1ae434bae32ca3f294-02f14bcb544e8d0a1f2b.js","de9aab0d16ddc6f831423e1ae434bae32ca3f294-02f14bcb544e8d0a1f2b.js.map","d4ad233efeb1d959420253442063e6db7488fdeb-c10e30f263c26297f974.js","d4ad233efeb1d959420253442063e6db7488fdeb-c10e30f263c26297f974.js.map","component---src-pages-about-js-6c48434bc53adc3b11d7.js","component---src-pages-about-js-6c48434bc53adc3b11d7.js.map"],"children":{},"childAssets":{}},"component---src-pages-contact-js":{"chunks":[1,0,2,9],"assets":["cb1608f2-190d5200286a66ff1429.js","cb1608f2-190d5200286a66ff1429.js.map","a9a7754c-bf670d9594b919aabdca.js","a9a7754c-bf670d9594b919aabdca.js.map","de9aab0d16ddc6f831423e1ae434bae32ca3f294-02f14bcb544e8d0a1f2b.js","de9aab0d16ddc6f831423e1ae434bae32ca3f294-02f14bcb544e8d0a1f2b.js.map","component---src-pages-contact-js-20a6507c6414a3ec80c8.js","component---src-pages-contact-js-20a6507c6414a3ec80c8.js.map"],"children":{},"childAssets":{}},"component---src-pages-index-js":{"chunks":[1,0,2,3,10],"assets":["cb1608f2-190d5200286a66ff1429.js","cb1608f2-190d5200286a66ff1429.js.map","a9a7754c-bf670d9594b919aabdca.js","a9a7754c-bf670d9594b919aabdca.js.map","de9aab0d16ddc6f831423e1ae434bae32ca3f294-02f14bcb544e8d0a1f2b.js","de9aab0d16ddc6f831423e1ae434bae32ca3f294-02f14bcb544e8d0a1f2b.js.map","d4ad233efeb1d959420253442063e6db7488fdeb-c10e30f263c26297f974.js","d4ad233efeb1d959420253442063e6db7488fdeb-c10e30f263c26297f974.js.map","component---src-pages-index-js-a179606a98404ec26c2d.js","component---src-pages-index-js-a179606a98404ec26c2d.js.map"],"children":{},"childAssets":{}}},"assetsByChunkName":{"polyfill":["webpack-runtime-ce13ddcf18ea7996d3f5.js","polyfill-6b95750583a341f26750.js"],"app":["webpack-runtime-ce13ddcf18ea7996d3f5.js","styles.46420d29e590cca931db.css","styles-83801f3b4dd3459a4027.js","framework-ad0dc6a9ebb17eecb8b1.js","app-a829f452d05ef267b569.js"],"component---cache-caches-gatsby-plugin-offline-app-shell-js":["component---cache-caches-gatsby-plugin-offline-app-shell-js-241020a1cf7d0f317bbe.js"],"component---src-pages-404-js":["cb1608f2-190d5200286a66ff1429.js","a9a7754c-bf670d9594b919aabdca.js","de9aab0d16ddc6f831423e1ae434bae32ca3f294-02f14bcb544e8d0a1f2b.js","component---src-pages-404-js-7c2ce970cb3579185721.js"],"component---src-pages-about-js":["cb1608f2-190d5200286a66ff1429.js","a9a7754c-bf670d9594b919aabdca.js","de9aab0d16ddc6f831423e1ae434bae32ca3f294-02f14bcb544e8d0a1f2b.js","d4ad233efeb1d959420253442063e6db7488fdeb-c10e30f263c26297f974.js","component---src-pages-about-js-6c48434bc53adc3b11d7.js"],"component---src-pages-contact-js":["cb1608f2-190d5200286a66ff1429.js","a9a7754c-bf670d9594b919aabdca.js","de9aab0d16ddc6f831423e1ae434bae32ca3f294-02f14bcb544e8d0a1f2b.js","component---src-pages-contact-js-20a6507c6414a3ec80c8.js"],"component---src-pages-index-js":["cb1608f2-190d5200286a66ff1429.js","a9a7754c-bf670d9594b919aabdca.js","de9aab0d16ddc6f831423e1ae434bae32ca3f294-02f14bcb544e8d0a1f2b.js","d4ad233efeb1d959420253442063e6db7488fdeb-c10e30f263c26297f974.js","component---src-pages-index-js-a179606a98404ec26c2d.js"]}}